<?xml version="1.0" encoding="UTF-8"?>
<project-private xmlns="http://www.netbeans.org/ns/project-private/1">
    <editor-bookmarks xmlns="http://www.netbeans.org/ns/editor-bookmarks/2" lastBookmarkId="0"/>
    <open-files xmlns="http://www.netbeans.org/ns/projectui-open-files/2">
        <group>
            <file>file:/C:/Users/MSPAK/OneDrive/Desktop/GIT%20PROJECTS/Car%20service/src/ManageAppointements.java</file>
            <file>file:/C:/Users/MSPAK/OneDrive/Desktop/GIT%20PROJECTS/Car%20service/src/Search.java</file>
            <file>file:/C:/Users/MSPAK/OneDrive/Desktop/GIT%20PROJECTS/Car%20service/src/Historyofappointemenets.java</file>
            <file>file:/C:/Users/MSPAK/OneDrive/Desktop/GIT%20PROJECTS/Car%20service/src/Screen.java</file>
            <file>file:/C:/Users/MSPAK/OneDrive/Desktop/GIT%20PROJECTS/Car%20service/src/Adminpagev2.java</file>
            <file>file:/C:/Users/MSPAK/OneDrive/Desktop/GIT%20PROJECTS/Car%20service/src/Login.java</file>
            <file>file:/C:/Users/MSPAK/OneDrive/Desktop/GIT%20PROJECTS/Car%20service/src/Signup.java</file>
            <file>file:/C:/Users/MSPAK/OneDrive/Desktop/GIT%20PROJECTS/Car%20service/src/customerpage.java</file>
        </group>
    </open-files>
</project-private>
